{
    "name": "root",
    "gauges": {
        "MoveToTarget.Policy.Entropy.mean": {
            "value": 1.4156732559204102,
            "min": 1.4156732559204102,
            "max": 1.4156732559204102,
            "count": 1
        },
        "MoveToTarget.Policy.Entropy.sum": {
            "value": 71107.8515625,
            "min": 71107.8515625,
            "max": 71107.8515625,
            "count": 1
        },
        "MoveToTarget.Environment.EpisodeLength.mean": {
            "value": 101.98765432098766,
            "min": 101.98765432098766,
            "max": 101.98765432098766,
            "count": 1
        },
        "MoveToTarget.Environment.EpisodeLength.sum": {
            "value": 49566.0,
            "min": 49566.0,
            "max": 49566.0,
            "count": 1
        },
        "MoveToTarget.Step.mean": {
            "value": 49989.0,
            "min": 49989.0,
            "max": 49989.0,
            "count": 1
        },
        "MoveToTarget.Step.sum": {
            "value": 49989.0,
            "min": 49989.0,
            "max": 49989.0,
            "count": 1
        },
        "MoveToTarget.Policy.ExtrinsicValueEstimate.mean": {
            "value": -0.16471949219703674,
            "min": -0.16471949219703674,
            "max": -0.16471949219703674,
            "count": 1
        },
        "MoveToTarget.Policy.ExtrinsicValueEstimate.sum": {
            "value": -165.21365356445312,
            "min": -165.21365356445312,
            "max": -165.21365356445312,
            "count": 1
        },
        "MoveToTarget.Environment.CumulativeReward.mean": {
            "value": 6.709278350515464,
            "min": 6.709278350515464,
            "max": 6.709278350515464,
            "count": 1
        },
        "MoveToTarget.Environment.CumulativeReward.sum": {
            "value": 3254.0,
            "min": 3254.0,
            "max": 3254.0,
            "count": 1
        },
        "MoveToTarget.Policy.ExtrinsicReward.mean": {
            "value": 6.709278350515464,
            "min": 6.709278350515464,
            "max": 6.709278350515464,
            "count": 1
        },
        "MoveToTarget.Policy.ExtrinsicReward.sum": {
            "value": 3254.0,
            "min": 3254.0,
            "max": 3254.0,
            "count": 1
        },
        "MoveToTarget.Losses.PolicyLoss.mean": {
            "value": 0.024132082828631003,
            "min": 0.024132082828631003,
            "max": 0.024132082828631003,
            "count": 1
        },
        "MoveToTarget.Losses.PolicyLoss.sum": {
            "value": 0.09652833131452401,
            "min": 0.09652833131452401,
            "max": 0.09652833131452401,
            "count": 1
        },
        "MoveToTarget.Losses.ValueLoss.mean": {
            "value": 2.3609097339212894,
            "min": 2.3609097339212894,
            "max": 2.3609097339212894,
            "count": 1
        },
        "MoveToTarget.Losses.ValueLoss.sum": {
            "value": 9.443638935685158,
            "min": 9.443638935685158,
            "max": 9.443638935685158,
            "count": 1
        },
        "MoveToTarget.Policy.LearningRate.mean": {
            "value": 0.00028459350513550003,
            "min": 0.00028459350513550003,
            "max": 0.00028459350513550003,
            "count": 1
        },
        "MoveToTarget.Policy.LearningRate.sum": {
            "value": 0.0011383740205420001,
            "min": 0.0011383740205420001,
            "max": 0.0011383740205420001,
            "count": 1
        },
        "MoveToTarget.Policy.Epsilon.mean": {
            "value": 0.19486449999999994,
            "min": 0.19486449999999994,
            "max": 0.19486449999999994,
            "count": 1
        },
        "MoveToTarget.Policy.Epsilon.sum": {
            "value": 0.7794579999999998,
            "min": 0.7794579999999998,
            "max": 0.7794579999999998,
            "count": 1
        },
        "MoveToTarget.Policy.Beta.mean": {
            "value": 0.004743738550000001,
            "min": 0.004743738550000001,
            "max": 0.004743738550000001,
            "count": 1
        },
        "MoveToTarget.Policy.Beta.sum": {
            "value": 0.018974954200000005,
            "min": 0.018974954200000005,
            "max": 0.018974954200000005,
            "count": 1
        },
        "MoveToTarget.IsTraining.mean": {
            "value": 1.0,
            "min": 1.0,
            "max": 1.0,
            "count": 1
        },
        "MoveToTarget.IsTraining.sum": {
            "value": 1.0,
            "min": 1.0,
            "max": 1.0,
            "count": 1
        }
    },
    "metadata": {
        "timer_format_version": "0.1.0",
        "start_time_seconds": "1741857619",
        "python_version": "3.9.13 (tags/v3.9.13:6de2ca5, May 17 2022, 16:36:42) [MSC v.1929 64 bit (AMD64)]",
        "command_line_arguments": "C:\\Users\\manue\\OneDrive\\Documentos\\GitHub\\TFG_Manuel\\venv\\Scripts\\mlagents-learn --run-id=test1",
        "mlagents_version": "0.30.0",
        "mlagents_envs_version": "0.30.0",
        "communication_protocol_version": "1.5.0",
        "pytorch_version": "2.6.0+cpu",
        "numpy_version": "1.21.2",
        "end_time_seconds": "1741857871"
    },
    "total": 251.3363125,
    "count": 1,
    "self": 0.014823000000006914,
    "children": {
        "run_training.setup": {
            "total": 0.05768499999999932,
            "count": 1,
            "self": 0.05768499999999932
        },
        "TrainerController.start_learning": {
            "total": 251.2638045,
            "count": 1,
            "self": 0.329801999999944,
            "children": {
                "TrainerController._reset_env": {
                    "total": 14.8384245,
                    "count": 1,
                    "self": 14.8384245
                },
                "TrainerController.advance": {
                    "total": 235.91000630000002,
                    "count": 10462,
                    "self": 0.3348496000000978,
                    "children": {
                        "env_step": {
                            "total": 206.5830459000003,
                            "count": 10462,
                            "self": 195.1914626000007,
                            "children": {
                                "SubprocessEnvManager._take_step": {
                                    "total": 11.18728440000016,
                                    "count": 10462,
                                    "self": 0.8757899000002034,
                                    "children": {
                                        "TorchPolicy.evaluate": {
                                            "total": 10.311494499999956,
                                            "count": 9257,
                                            "self": 10.311494499999956
                                        }
                                    }
                                },
                                "workers": {
                                    "total": 0.20429889999941153,
                                    "count": 10461,
                                    "self": 0.0,
                                    "children": {
                                        "worker_root": {
                                            "total": 113.59472969999933,
                                            "count": 10461,
                                            "is_parallel": true,
                                            "self": 61.87206149999973,
                                            "children": {
                                                "steps_from_proto": {
                                                    "total": 0.0005068999999995327,
                                                    "count": 1,
                                                    "is_parallel": true,